zip,totkbtu,avgkbtu,Total annual customers-Elec,Avg annual customers-Elec,Total annual customers-GAS,Avg annual customers- Gas,Actual Minm Customer Count
92304,0,0,,0,0,0,0
92365,0,0,,0,0,0,0
93101,0,0,0,0,,0,0
93105,0,0,0,0,,0,0
93110,0,0,0,0,,0,0
93111,0,0,0,0,,0,0
93117,0,0,0,0,,0,0
93201,8290658.436,27108.41995,3670,305.8333333,,0,305.8333333
93203,115420313.7,24417.67474,56723,4726.916667,0,0,4726.916667
93204,126678074.1,54815.26357,27732,2311,27069,2255.75,2311
93206,16695410.74,32085.99117,6244,520.3333333,,0,520.3333333
93210,110883650.3,25772.91011,51628,4302.333333,0,0,4302.333333
93212,112429719.6,26228.79263,51438,4286.5,,0,4286.5
93219,3817161.352,29997.33872,1527,127.25,,0,127.25
93224,5711425.276,27015.01904,2537,211.4166667,0,0,211.4166667
93230,36215684.52,40213.58511,10807,900.5833333,,0,900.5833333
93234,76977443.32,51697.40989,17868,1489,16851,1404.25,1489
93239,19666438.72,52374.00459,4506,375.5,3911,325.9166667,375.5
93240,0,0,0,0,,0,0
93241,81321314.57,23853.72219,40910,3409.166667,,0,3409.166667
93242,31295805.71,32447.69903,11574,964.5,,0,964.5
93243,10207465.44,23451.95966,5223,435.25,,0,435.25
93245,300076402.6,28834.09268,124884,10407,,0,10407
93249,12969319.08,21889.14613,7110,592.5,,0,592.5
93250,60033556.55,24464.38274,29447,2453.916667,,0,2453.916667
93251,0,0,0,0,,0,0
93252,26427197.62,49197.38929,6446,537.1666667,4555,379.5833333,537.1666667
93254,7559245.056,25239.54944,3594,299.5,,0,299.5
93256,0,0,0,0,,0,0
93263,146371715.6,25660.49067,68450,5704.166667,0,0,5704.166667
93266,10798386.31,29053.9542,4460,371.6666667,,0,371.6666667
93268,303545746,56144.59373,64878,5406.5,56547,4712.25,5406.5
93274,0,0,0,0,,0,0
93276,0,0,0,0,,0,0
93277,0,0,0,0,,0,0
93280,147716453,24535.91855,72245,6020.416667,,0,6020.416667
93286,12093666.81,35096.49377,4135,344.5833333,,0,344.5833333
93287,0,0,0,0,,0,0
93291,0,0,0,0,,0,0
93292,5526085.436,33040.86957,2007,167.25,,0,167.25
93301,309495240.2,54311.70311,68382,5698.5,59492,4957.666667,5698.5
93304,970869293.4,63202.83572,184334,15361.16667,177812,14817.66667,15361.16667
93305,647707562.3,60772.43635,127895,10657.91667,126172,10514.33333,10657.91667
93306,1360236441,62336.35652,261851,21820.91667,246178,20514.83333,21820.91667
93307,1259212267,57603.4889,262320,21860,238568,19880.66667,21860
93308,735921654.9,38472.18772,229544,19128.66667,70387,5865.583333,19128.66667
93309,1010002457,44972.11322,269501,22458.41667,146607,12217.25,22458.41667
93311,789152556.9,50872.04235,186150,15512.5,108202,9016.833333,15512.5
93312,571639174.9,29488.1036,232625,19385.41667,0,0,19385.41667
93313,922023381.5,62149.10339,178028,14835.66667,170878,14239.83333,14835.66667
93314,325708409,36257.63843,107798,8983.166667,14360,1196.666667,8983.166667
93401,182483313.6,15371.11485,142462,11871.83333,,0,11871.83333
93402,86607318.04,14697.47449,70712,5892.666667,,0,5892.666667
93405,118192498.9,15016.67552,94449,7870.75,,0,7870.75
93420,210603741.5,18556.75819,136190,11349.16667,,0,11349.16667
93422,267733576.9,21607.24538,148691,12390.91667,,0,12390.91667
93424,12635393.46,18235.08377,8315,692.9166667,,0,692.9166667
93426,19729026.76,20599.34927,11493,957.75,,0,957.75
93427,39908454.59,22639.88347,21153,1762.75,,0,1762.75
93428,54597343.19,14300.29725,45815,3817.916667,,0,3817.916667
93429,0,0,0,0,,0,0
93430,29857668.18,13921.28135,25737,2144.75,,0,2144.75
93432,18110107.83,26936.20401,8068,672.3333333,,0,672.3333333
93433,73933819.36,13702.23219,64749,5395.75,,0,5395.75
93434,23773007.64,12944.14863,22039,1836.583333,,0,1836.583333
93435,0,0,0,0,,0,0
93436,80842399.42,18004.32042,53882,4490.166667,,0,4490.166667
93437,0,0,0,0,,0,0
93440,13295577.93,21484.90913,7426,618.8333333,,0,618.8333333
93441,14080006.97,30117.66196,5610,467.5,,0,467.5
93442,78441610.45,13776.79218,68325,5693.75,,0,5693.75
93444,121219993.8,16255.50282,89486,7457.166667,,0,7457.166667
93445,36063580.97,14606.06067,29629,2469.083333,,0,2469.083333
93446,394984052,22100.51302,214466,17872.16667,0,0,17872.16667
93449,74829326.05,16091.17469,55804,4650.333333,,0,4650.333333
93450,8907666.22,44668.61456,2393,199.4166667,1488,124,199.4166667
93451,37901523.01,26008.9367,17487,1457.25,0,0,1457.25
93452,2841725.144,12705.17948,2684,223.6666667,,0,223.6666667
93453,29113033.3,24968.29614,13992,1166,,0,1166
93454,173614341.6,15746.85648,132304,11025.33333,,0,11025.33333
93455,248525453.3,16948.96191,175958,14663.16667,0,0,14663.16667
93458,172210293.4,14412.71234,143382,11948.5,,0,11948.5
93460,69025889.37,33911.02401,24426,2035.5,,0,2035.5
93461,25474912.05,55250.12553,5533,461.0833333,3830,319.1666667,461.0833333
93463,74160355.68,23438.18031,37969,3164.083333,,0,3164.083333
93465,87665355.35,24828.51697,42370,3530.833333,0,0,3530.833333
93516,34411339.3,47355.05408,,0,8720,726.6666667,726.6666667
93523,15362612.09,39696.67206,,0,4644,387,387
93526,0,0,,0,0,0,0
93555,435412276,35731.02176,,0,146230,12185.83333,12185.83333
93561,79833535.35,57544.5954,0,0,16648,1387.333333,1387.333333
93562,21317682.53,31098.00515,,0,8226,685.5,685.5
93601,24595910.39,27941.96011,10563,880.25,,0,880.25
93602,45231276.95,25908.12999,20950,1745.833333,,0,1745.833333
93603,3711860.208,17917.26569,2486,207.1666667,,0,207.1666667
93604,21151523.68,20210.0712,12559,1046.583333,,0,1046.583333
93606,16886492.53,57863.48098,3502,291.8333333,3338,278.1666667,291.8333333
93608,7674734.432,26111.94023,3527,293.9166667,0,0,293.9166667
93609,49263936.81,34656.30447,17058,1421.5,,0,1421.5
93610,317600853.2,57558.10978,66215,5517.916667,49667,4138.916667,5517.916667
93611,1110281598,68167.36254,195451,16287.58333,188387,15698.91667,16287.58333
93612,798999189.4,55110.99389,173976,14498,161491,13457.58333,14498
93614,149038159.4,31182.79306,57354,4779.5,,0,4779.5
93615,33301447.55,24541.99906,16283,1356.916667,,0,1356.916667
93616,18672292.83,29536.97785,7586,632.1666667,0,0,632.1666667
93618,217332290.8,26936.17593,96821,8068.416667,,0,8068.416667
93619,740199323,59036.86734,150455,12537.91667,104424,8702,12537.91667
93620,159541207.6,53028.68157,36103,3008.583333,25616,2134.666667,3008.583333
93621,6599043.428,25785.90724,3071,255.9166667,,0,255.9166667
93622,130693385.5,53100.41058,29535,2461.25,24685,2057.083333,2461.25
93623,2590056.024,12917.98516,2406,200.5,,0,200.5
93624,6426150.564,31552.29409,2444,203.6666667,,0,203.6666667
93625,135208564.7,56907.9575,28511,2375.916667,20870,1739.166667,2375.916667
93626,24104500.5,32214.50117,8979,748.25,,0,748.25
93627,0,0,0,0,0,0,0
93628,1894253.688,7452.801395,3050,254.1666667,,0,254.1666667
93630,293325194.3,52482.58978,67068,5589,51298,4274.833333,5589
93631,166143146.7,29757.42563,66999,5583.25,,0,5583.25
93633,1277718.936,6043.605531,2537,211.4166667,,0,211.4166667
93635,769592948.9,60313.71482,153118,12759.83333,136329,11360.75,12759.83333
93636,139755864.6,37368.71087,44879,3739.916667,0,0,3739.916667
93637,690313936.6,58850.29298,140760,11730,121820,10151.66667,11730
93638,587392346.3,46751.3972,150770,12564.16667,96903,8075.25,12564.16667
93640,150808660.6,56336.70351,32123,2676.916667,29221,2435.083333,2676.916667
93641,5555292.156,18284.01148,3646,303.8333333,,0,303.8333333
93643,41504093.45,25386.06052,19619,1634.916667,,0,1634.916667
93644,112722049.5,27841.77083,48584,4048.666667,,0,4048.666667
93645,5520029.136,30441.33715,2176,181.3333333,,0,181.3333333
93646,57913906.14,23886.1273,29095,2424.583333,,0,2424.583333
93647,69573529.02,25562.83981,32660,2721.666667,,0,2721.666667
93648,90458319.6,25072.75454,43294,3607.833333,,0,3607.833333
93650,72525111.7,66730.66557,13042,1086.833333,12741,1061.75,1086.833333
93651,20465128.23,33859.30495,7253,604.4166667,,0,604.4166667
93652,3955763.616,30744.27681,1544,128.6666667,,0,128.6666667
93653,13355393.7,29245.38767,5480,456.6666667,,0,456.6666667
93654,240250022.6,27464.99259,104970,8747.5,,0,8747.5
93656,52052752.07,32433.3052,19259,1604.916667,,0,1604.916667
93657,587398062.7,52991.54809,133017,11084.75,88566,7380.5,11084.75
93660,54122194.09,53086.99763,12234,1019.5,11487,957.25,1019.5
93662,448236537.7,51556.50349,104329,8694.083333,70867,5905.583333,8694.083333
93664,5986313.056,18485.78401,3886,323.8333333,,0,323.8333333
93665,11409683.32,55185.8927,2481,206.75,2181,181.75,206.75
93666,4244220.92,25288.30737,2014,167.8333333,,0,167.8333333
93667,26226000.21,27986.83882,11245,937.0833333,0,0,937.0833333
93668,16621899.07,50805.60083,3926,327.1666667,2370,197.5,327.1666667
93669,3553174.912,17780.6918,2398,199.8333333,,0,199.8333333
93673,4311454.38,25637.98442,2018,168.1666667,,0,168.1666667
93675,45042003.07,28829.95716,18748,1562.333333,,0,1562.333333
93701,179272013.3,51257.1875,41970,3497.5,40555,3379.583333,3497.5
93702,682146843,58761.85979,139304,11608.66667,137006,11417.16667,11608.66667
93703,602385226.5,59709.10194,121064,10088.66667,114838,9569.833333,10088.66667
93704,750070460.4,65525.50541,137364,11447,134760,11230,11447
93705,762681072.3,62116.00969,147340,12278.33333,142034,11836.16667,12278.33333
93706,584110258.6,56230.2301,124654,10387.83333,97932,8161,10387.83333
93710,656584347.6,58719.28344,134181,11181.75,129025,10752.08333,11181.75
93711,1207561584,74851.95159,193592,16132.66667,183890,15324.16667,16132.66667
93720,1221055137,67373.8253,217483,18123.58333,210600,17550,18123.58333
93721,76576674.78,49484.1194,18570,1547.5,16757,1396.416667,1547.5
93722,1620964042,62189.8941,312777,26064.75,306570,25547.5,26064.75
93723,184282706.9,60946.76671,36284,3023.666667,28331,2360.916667,3023.666667
93725,367419056.1,55083.25117,80043,6670.25,61574,5131.166667,6670.25
93726,862569506.4,58876.45516,175806,14650.5,166449,13870.75,14650.5
93727,1403096138,61389.64462,274267,22855.58333,259950,21662.5,22855.58333
93728,343039010.3,63327.35602,65003,5416.916667,62194,5182.833333,5416.916667
93730,318698925.4,77498.32019,49348,4112.333333,48735,4061.25,4112.333333
93737,69945226.12,49161.99341,17073,1422.75,8895,741.25,1422.75
93741,0,0,0,0,,0,0
93901,510781433.8,51365.79182,119328,9944,108128,9010.666667,9944
93905,616168475.3,47880.36874,154427,12868.91667,144534,12044.5,12868.91667
93906,841689257.4,50533.69701,199872,16656,186752,15562.66667,16656
93907,335405150,47759.23535,84274,7022.833333,59848,4987.333333,7022.833333
93908,307082414.8,64521.01934,57113,4759.416667,36483,3040.25,4759.416667
93920,6670442.94,24292.96367,3295,274.5833333,0,0,274.5833333
93921,120708896.9,63670.62694,22750,1895.833333,19893,1657.75,1895.833333
93923,513421517.5,80348.70316,76679,6389.916667,64809,5400.75,6389.916667
93924,157196277.1,62730.04972,30071,2505.916667,17364,1447,2505.916667
93925,16675006.05,42857.15841,4669,389.0833333,2877,239.75,389.0833333
93926,111303007,51195.37291,26089,2174.083333,24129,2010.75,2174.083333
93927,209024813.9,48953.85782,51238,4269.833333,46397,3866.416667,4269.833333
93930,197105924.7,50265.0267,47056,3921.333333,41538,3461.5,3921.333333
93932,7893740.476,29038.89813,3262,271.8333333,,0,271.8333333
93933,403539212.4,50582.02902,95735,7977.916667,92752,7729.333333,7977.916667
93940,703992946.9,52677.98242,160369,13364.08333,135644,11303.66667,13364.08333
93943,0,0,0,0,0,0,0
93950,403753630.9,55384.58586,87480,7290,81969,6830.75,7290
93953,306981943.5,113034.1615,32590,2715.833333,32145,2678.75,2715.833333
93954,2682036.72,24605.84147,1308,109,,0,109
93955,494102808.5,55391.65657,107042,8920.166667,103176,8598,8920.166667
93960,223315283.7,50439.18395,53129,4427.416667,48856,4071.333333,4427.416667
93962,16849668.12,62715.88632,3218,268.1666667,3224,268.6666667,268.6666667
94002,635842583.2,60122.22046,126910,10575.83333,112645,9387.083333,10575.83333
94005,97035269.83,52498.79342,22180,1848.333333,20499,1708.25,1848.333333
94010,1400712968,82584.74442,203531,16960.91667,172673,14389.41667,16960.91667
94014,669910574.4,49690.48642,161780,13481.66667,140127,11677.25,13481.66667
94015,965894136.8,52470.48276,220900,18408.33333,183156,15263,18408.33333
94018,109287742.4,58641.24973,22364,1863.666667,19549,1629.083333,1863.666667
94019,302114983.4,63490.65342,57101,4758.416667,48026,4002.166667,4758.416667
94020,17267183.46,26021.12289,7963,663.5833333,0,0,663.5833333
94021,0,0,0,0,,0,0
94022,744541982.6,101031.3321,88433,7369.416667,79405,6617.083333,7369.416667
94024,745772305.1,95523.04654,93687,7807.25,90706,7558.833333,7807.25
94025,1121208081,72602.99688,185316,15443,173974,14497.83333,15443
94027,529789037.4,218951.2484,29036,2419.666667,28354,2362.833333,2419.666667
94028,293561284,127179.1548,27699,2308.25,26858,2238.166667,2308.25
94030,489997302,58574.7492,100384,8365.333333,86620,7218.333333,8365.333333
94037,64136157.06,60577.24398,12705,1058.75,9323,776.9166667,1058.75
94038,56973135.17,55524.86169,12313,1026.083333,7173,597.75,1026.083333
94040,691603601.4,50744.99973,163548,13629,118165,9847.083333,13629
94041,296859064.8,47171.02686,75519,6293.25,62855,5237.916667,6293.25
94043,534602864.8,44650.70281,143676,11973,100674,8389.5,11973
94044,789383845.2,56126.64508,168772,14064.33333,150821,12568.41667,14064.33333
94060,13478710.21,24995.29014,6471,539.25,,0,539.25
94061,759679957.9,56575.02138,161134,13427.83333,146997,12249.75,13427.83333
94062,901852203.6,91690.47228,118030,9835.833333,103065,8588.75,9835.833333
94063,412215512.9,43895.13054,112691,9390.916667,82079,6839.916667,9390.916667
94065,256250348.6,50079.05449,61403,5116.916667,50525,4210.416667,5116.916667
94066,792065290.6,54055.12831,175835,14652.91667,136550,11379.16667,14652.91667
94070,786003429.6,65402.63603,144215,12017.91667,133519,11126.58333,12017.91667
94074,0,0,0,0,,0,0
94080,1060357827,51175.15915,248642,20720.16667,209129,17427.41667,20720.16667
94085,349001078.6,40399.09848,103666,8638.833333,66960,5580,8638.833333
94086,830124773.1,43871.26546,227062,18921.83333,146426,12202.16667,18921.83333
94087,1160739465,56709.72931,245617,20468.08333,205382,17115.16667,20468.08333
94089,288140228,57821.74846,59799,4983.25,40377,3364.75,4983.25
94102,435089215.4,35827.99627,145726,12143.83333,64788,5399,12143.83333
94103,405106089.1,30839.3795,157632,13136,70147,5845.583333,13136
94104,2851797.368,11588.7465,2953,246.0833333,0,0,246.0833333
94105,128943109.4,18460.00135,83820,6985,2310,192.5,6985
94107,425245375.8,30176.18941,169105,14092.08333,66551,5545.916667,14092.08333
94108,246581314.3,45117.3422,65584,5465.333333,42372,3531,5465.333333
94109,1338484257,48143.74078,333622,27801.83333,235818,19651.5,27801.83333
94110,1081098027,41730.09243,310883,25906.91667,267108,22259,25906.91667
94111,16696096.55,17150.58711,11682,973.5,0,0,973.5
94112,1105802337,58266.8232,227739,18978.25,221573,18464.41667,18978.25
94114,783589809.1,46475.11533,202325,16860.41667,173403,14450.25,16860.41667
94115,850292554.5,52407.66663,194695,16224.58333,129038,10753.16667,16224.58333
94116,762005657.7,55842.65906,163747,13645.58333,155526,12960.5,13645.58333
94117,859898818.3,46258.06168,223070,18589.16667,190302,15858.5,18589.16667
94118,897924951.3,51650.39794,208616,17384.66667,177485,14790.41667,17384.66667
94121,842035364.7,48379.1667,208859,17404.91667,178627,14885.58333,17404.91667
94122,1017039863,49062.4406,248754,20729.5,223842,18653.5,20729.5
94123,746783644.9,52956.49347,169222,14101.83333,142874,11906.16667,14101.83333
94124,502233051.7,54077.2075,111448,9287.333333,95796,7983,9287.333333
94127,504241397.3,73465.30969,82364,6863.666667,80529,6710.75,6863.666667
94129,70074278.14,107640.9802,0,0,7812,651,651
94130,0,0,0,0,,0,0
94131,624647208.7,51704.92581,144972,12081,121755,10146.25,12081
94132,518880983,60335.58267,103199,8599.916667,71989,5999.083333,8599.916667
94133,451790561.9,37800.94228,143422,11951.83333,91964,7663.666667,11951.83333
94134,536203682.7,55782.88477,115348,9612.333333,105544,8795.333333,9612.333333
94158,50930524.8,12246.1037,49907,4158.916667,0,0,4158.916667
94301,0,0,0,0,,0,0
94303,386936035.4,55954.69408,82982,6915.166667,68650,5720.833333,6915.166667
94305,134037062.2,146622.1282,10970,914.1666667,10255,854.5833333,914.1666667
94306,0,0,,0,0,0,0
94401,561990248.6,47835.74254,140980,11748.33333,105107,8758.916667,11748.33333
94402,675093694.9,70702.77831,114580,9548.333333,103192,8599.333333,9548.333333
94403,876292162.3,54034.84963,194606,16217.16667,157734,13144.5,16217.16667
94404,694356782.2,48126.47726,173133,14427.75,115953,9662.75,14427.75
94501,849797599.6,43650.43595,,0,233619,19468.25,19468.25
94502,202285639.8,40146.66045,,0,60464,5038.666667,5038.666667
94503,358629965.2,66471.42676,64743,5395.25,63948,5329,5395.25
94505,392037142.2,74723.55708,62958,5246.5,62586,5215.5,5246.5
94506,829178911.1,99695.87629,99805,8317.083333,97624,8135.333333,8317.083333
94507,705002314,130856.8741,64651,5387.583333,63908,5325.666667,5387.583333
94508,74517702.46,80342.53635,11130,927.5,9012,751,927.5
94509,1363983057,61093.01677,267916,22326.33333,249247,20770.58333,22326.33333
94510,612770062.9,56156.04313,130943,10911.91667,122713,10226.08333,10911.91667
94511,31319645.36,30170.64657,12457,1038.083333,,0,1038.083333
94512,0,0,0,0,0,0,0
94513,1352598742,66766.69932,243103,20258.58333,232315,19359.58333,20258.58333
94514,53739429.52,56602.57651,11393,949.4166667,8031,669.25,949.4166667
94515,161953114.5,61567.42614,31566,2630.5,19632,1636,2630.5
94517,334823696.8,75763.39497,53032,4419.333333,48369,4030.75,4419.333333
94518,608388918.5,62162.96296,117444,9787,110859,9238.25,9787
94519,411305391.7,60770.57672,81218,6768.166667,78997,6583.083333,6768.166667
94520,611922742.3,47713.89432,153898,12824.83333,128123,10676.91667,12824.83333
94521,961973717.9,60764.54996,189974,15831.16667,182211,15184.25,15831.16667
94523,806237793.3,57293.08161,168866,14072.16667,140469,11705.75,14072.16667
94525,90166869.66,56126.28052,19278,1606.5,18266,1522.166667,1606.5
94526,1061377117,87384.91004,145752,12146,141882,11823.5,12146
94528,62819411.97,166079.0799,4539,378.25,4433,369.4166667,378.25
94530,546860940,52283.24328,125515,10459.58333,116130,9677.5,10459.58333
94531,941378487.4,73086.97327,154563,12880.25,152866,12738.83333,12880.25
94533,1479442035,62604.66051,283578,23631.5,274480,22873.33333,23631.5
94534,886111714.2,68126.19293,156083,13006.91667,150412,12534.33333,13006.91667
94535,0,0,0,0,0,0,0
94536,1277310988,53457.5811,286727,23893.91667,253311,21109.25,23893.91667
94538,980442217.1,45897.45066,256339,21361.58333,184727,15393.91667,21361.58333
94539,1013603500,62246.31916,195405,16283.75,185982,15498.5,16283.75
94541,1097771166,51301.91329,256779,21398.25,228664,19055.33333,21398.25
94542,312113081.2,64040.71154,58484,4873.666667,48642,4053.5,4873.666667
94544,1163179204,52981.15596,263455,21954.58333,234413,19534.41667,21954.58333
94545,511880371,57014.9667,107736,8978,105836,8819.666667,8978
94546,940873937.2,57299.90178,197042,16420.16667,183758,15313.16667,16420.16667
94547,501206227.7,58287.13629,103187,8598.916667,97283,8106.916667,8598.916667
94548,10106504.36,39401.57647,3078,256.5,0,0,256.5
94549,971835868.2,92593.2752,125949,10495.75,117668,9805.666667,10495.75
94550,1179157723,67040.13286,211066,17588.83333,199699,16641.58333,17588.83333
94551,781647277.4,57362.2924,163518,13626.5,150381,12531.75,13626.5
94552,313194961.9,63269.57918,59402,4950.166667,55233,4602.75,4950.166667
94553,1088755172,58622.94858,222866,18572.16667,209956,17496.33333,18572.16667
94555,609943148.2,53556.63687,136665,11388.75,135780,11315,11388.75
94556,494170872.5,83709.29928,70841,5903.416667,65784,5482,5903.416667
94558,1556685583,64623.82334,289061,24088.41667,243148,20262.33333,24088.41667
94559,581213808,55543.69069,125569,10464.08333,117105,9758.75,10464.08333
94560,735275300.6,52965.45693,166586,13882.16667,155062,12921.83333,13882.16667
94561,814444705.4,62998.10145,155137,12928.08333,140144,11678.66667,12928.08333
94562,8000921.632,63879.61383,1503,125.25,,0,125.25
94563,711790671.4,105796.5945,80735,6727.916667,78729,6560.75,6727.916667
94564,402471966.6,58534.28189,82510,6875.833333,76992,6416,6875.833333
94565,1679111580,59392.55184,339257,28271.41667,324192,27016,28271.41667
94566,1094640780,71881.06377,182742,15228.5,166749,13895.75,15228.5
94567,8733761.228,29398.35476,3565,297.0833333,,0,297.0833333
94568,1163631862,55522.52677,251494,20957.83333,227344,18945.33333,20957.83333
94569,0,0,0,0,0,0,0
94571,244900557.8,52534.97844,55940,4661.666667,53725,4477.083333,4661.666667
94572,176617736.8,60797.844,33221,2768.416667,34860,2905,2905
94573,10223887.4,60022.82231,2044,170.3333333,,0,170.3333333
94574,274297416.6,74221.36283,44348,3695.666667,35298,2941.5,3695.666667
94576,15391184,75880.94004,2434,202.8333333,1968,164,202.8333333
94577,880910118.9,53685.93382,196903,16408.58333,172152,14346,16408.58333
94578,666272810,46762.54983,170976,14248,127404,10617,14248
94579,405740002.4,63406.78269,76788,6399,72866,6072.166667,6399
94580,512044818.7,56376.56159,108991,9082.583333,99925,8327.083333,9082.583333
94582,885531023.3,62979.67889,168727,14060.58333,164250,13687.5,14060.58333
94583,922611509.9,65920.83382,167949,13995.75,155836,12986.33333,13995.75
94585,587096837,60709.03457,116048,9670.666667,107134,8927.833333,9670.666667
94586,25339682.18,68270.36062,4454,371.1666667,3066,255.5,371.1666667
94587,1132995689,55298.654,245864,20488.66667,218794,18232.83333,20488.66667
94588,730731892.6,62516.7201,140263,11688.58333,119592,9966,11688.58333
94589,563627030.1,60800.6433,111241,9270.083333,104487,8707.25,9270.083333
94590,743984054.8,52265.95239,170815,14234.58333,157134,13094.5,14234.58333
94591,1142722500,59336.00746,231102,19258.5,217497,18124.75,19258.5
94595,491744846,49692.52921,118749,9895.75,82879,6906.583333,9895.75
94596,559151018.7,58955.74439,113811,9484.25,77122,6426.833333,9484.25
94597,523904970.6,48995.51609,128315,10692.91667,98933,8244.416667,10692.91667
94598,788656223.8,75826.25339,124810,10400.83333,113788,9482.333333,10400.83333
94599,64637648.4,61598.77547,12592,1049.333333,11314,942.8333333,1049.333333
94601,717616739.4,48672.60632,176925,14743.75,158924,13243.66667,14743.75
94602,613737847.7,52314.63399,140780,11731.66667,131541,10961.75,11731.66667
94603,508721517.8,53295.31196,114544,9545.333333,111989,9332.416667,9545.333333
94605,919296872.1,58089.28826,189907,15825.58333,180193,15016.08333,15825.58333
94606,629051804.9,42657.4611,176959,14746.58333,141509,11792.41667,14746.58333
94607,393613335.5,38829.37116,121644,10137,70427,5868.916667,10137
94608,497549089.3,35547.6844,167960,13996.66667,105979,8831.583333,13996.66667
94609,400593474.1,43326.52873,110951,9245.916667,101024,8418.666667,9245.916667
94610,656087494.5,43750.83319,179952,14996,122092,10174.33333,14996
94611,1062447833,64157.15499,198721,16560.08333,165650,13804.16667,16560.08333
94612,205591180,31544.48486,78210,6517.5,29578,2464.833333,6517.5
94613,0,0,0,0,0,0,0
94618,426317261.2,58522.5489,87416,7284.666667,83668,6972.333333,7284.666667
94619,531096465.6,57328.55011,111169,9264.083333,106696,8891.333333,9264.083333
94621,452928935.2,49879.29467,108966,9080.5,95651,7970.916667,9080.5
94702,329650137.3,45833.54553,86308,7192.333333,79979,6664.916667,7192.333333
94703,372149283.5,43595.49188,102437,8536.416667,95257,7938.083333,8536.416667
94704,271824509.5,33787.30618,96542,8045.166667,61441,5120.083333,8045.166667
94705,352770404.3,62203.28927,68055,5671.25,61695,5141.25,5671.25
94706,314832176.3,45158.81085,83660,6971.666667,71642,5970.166667,6971.666667
94707,348641535.7,69681.85258,60040,5003.333333,59275,4939.583333,5003.333333
94708,349929638.5,75753.27721,55432,4619.333333,54485,4540.416667,4619.333333
94709,213413846.8,42691.30762,59988,4999,48489,4040.75,4999
94710,126435238.4,39968.99,37960,3163.333333,31603,2633.583333,3163.333333
94720,0,0,0,0,0,0,0
94801,465462407.2,48777.82627,114510,9542.5,105446,8787.166667,9542.5
94803,569900156.7,61689.74617,110858,9238.166667,107770,8980.833333,9238.166667
94804,738654015.4,51807.79927,171091,14257.58333,162615,13551.25,14257.58333
94805,278523638.8,55494.77253,60227,5018.916667,59014,4917.833333,5018.916667
94806,1004508198,51043.59623,236153,19679.41667,220494,18374.5,19679.41667
94901,924842574.3,62491.8262,177593,14799.41667,147304,12275.33333,14799.41667
94903,765392400.9,66786.71066,137523,11460.25,119271,9939.25,11460.25
94904,292847372.6,82432.23175,42631,3552.583333,38114,3176.166667,3552.583333
94920,477627106.3,87251.10787,65690,5474.166667,58961,4913.416667,5474.166667
94922,6163491.392,36488.35555,2027,168.9166667,,0,168.9166667
94923,25933056.13,19820.18174,15701,1308.416667,,0,1308.416667
94924,5823840.44,19736.25679,3541,295.0833333,,0,295.0833333
94925,253653346.7,68011.17553,44755,3729.583333,43585,3632.083333,3729.583333
94928,858091756.5,57484.91896,179127,14927.25,153655,12804.58333,14927.25
94929,7247285.896,19382.08842,4487,373.9166667,,0,373.9166667
94930,23316542.76,71068.96447,2785,232.0833333,3937,328.0833333,328.0833333
94931,201633195.8,58083.83584,41657,3471.416667,37017,3084.75,3471.416667
94933,6181080.252,24334.96162,3048,254,,0,254
94937,5911371.888,17689.89094,4010,334.1666667,,0,334.1666667
94938,0,0,0,0,,0,0
94939,277799901.2,62512.40113,53327,4443.916667,44460,3705,4443.916667
94940,0,0,0,0,,0,0
94941,886103916.3,73330.20927,145005,12083.75,130510,10875.83333,12083.75
94945,455725489.4,68017.0378,80402,6700.166667,75038,6253.166667,6700.166667
94946,5190600.536,29917.00597,2082,173.5,,0,173.5
94947,616656748.6,67424.88367,109750,9145.833333,100272,8356,9145.833333
94949,426820246.3,66462.19967,77064,6422,69038,5753.166667,6422
94951,107333802.6,70676.34062,18224,1518.666667,14301,1191.75,1518.666667
94952,777217456.2,62257.91673,149806,12483.83333,129333,10777.75,12483.83333
94954,820946494.8,61698.62614,159669,13305.75,150035,12502.91667,13305.75
94956,1379126.988,19608.44059,844,70.33333333,,0,70.33333333
94957,113302682.5,147545.5442,9215,767.9166667,9072,756,767.9166667
94960,433266757.7,76693.43127,67792,5649.333333,64276,5356.333333,5649.333333
94963,1454303.584,28656.22826,609,50.75,,0,50.75
94964,0,0,0,0,0,0,0
94965,293111619.8,52168.24286,67423,5618.583333,47980,3998.333333,5618.583333
94970,12731506.09,21084.47048,7246,603.8333333,,0,603.8333333
94971,4476837.432,20879.14854,2573,214.4166667,,0,214.4166667
94972,0,0,0,0,,0,0
94973,9422797.568,28148.76047,4017,334.75,,0,334.75
95002,28569603.54,68063.37948,5037,419.75,4935,411.25,419.75
95003,580922146.6,56340.95013,123730,10310.83333,104795,8732.916667,10310.83333
95004,47020746.7,39657.64411,14228,1185.666667,5256,438,1185.666667
95005,142079108.2,66137.13871,25779,2148.25,18227,1518.916667,2148.25
95006,126306723.7,36783.90206,41205,3433.75,7315,609.5833333,3433.75
95007,21694333.66,76075.98012,3422,285.1666667,2713,226.0833333,285.1666667
95008,954892988.1,50668.20482,226152,18846,177204,14767,18846
95010,215242525.9,47047.54664,54900,4575,45531,3794.25,4575
95012,132436334.4,52963.94096,30006,2500.5,23866,1988.833333,2500.5
95013,0,0,0,0,0,0,0
95014,1227998250,58760.583,250780,20898.33333,205447,17120.58333,20898.33333
95017,2872528.68,20457.17754,1685,140.4166667,0,0,140.4166667
95018,134359024.8,52008.2674,31001,2583.416667,15055,1254.583333,2583.416667
95019,69487831.22,45256.66077,18425,1535.416667,13315,1109.583333,1535.416667
95020,1103105686,61877.21213,213928,17827.33333,184528,15377.33333,17827.33333
95023,873022244.3,57072.40062,183561,15296.75,162267,13522.25,15296.75
95030,514241649.1,100547.4686,61373,5114.416667,55641,4636.75,5114.416667
95032,733222729,71734.54823,122656,10221.33333,109112,9092.666667,10221.33333
95033,98271478.88,32895.13645,35849,2987.416667,,0,2987.416667
95035,1112940621,51064.61976,261537,21794.75,228282,19023.5,21794.75
95037,1053906941,68371.50986,184973,15414.41667,158360,13196.66667,15414.41667
95039,13841782.16,55982.94097,2967,247.25,1580,131.6666667,247.25
95041,20211992.85,62965.70981,3852,321,3694,307.8333333,321
95043,5312988.976,25431.13989,2507,208.9166667,0,0,208.9166667
95044,4576136.868,26025.42295,2110,175.8333333,,0,175.8333333
95045,66461553.42,48265.4709,16524,1377,10001,833.4166667,1377
95046,136569129.8,84645.91483,19361,1613.416667,15019,1251.583333,1613.416667
95050,442468382.1,41719.66925,0,0,127269,10605.75,10605.75
95051,708568002.9,47474.978,,0,179101,14925.08333,14925.08333
95054,250271920.3,39660.64978,,0,75724,6310.333333,6310.333333
95060,818923183,52606.0769,186805,15567.08333,143522,11960.16667,15567.08333
95062,702091282.3,54705.56976,154008,12834,141025,11752.08333,12834
95064,13223723.49,36445.7239,4354,362.8333333,4302,358.5,362.8333333
95065,148325713.6,54682.29074,32550,2712.5,22969,1914.083333,2712.5
95066,327940607,66972.21383,58760,4896.666667,46077,3839.75,4896.666667
95070,1035243100,95256.81248,130415,10867.91667,125310,10442.5,10867.91667
95073,181690659.7,58507.6591,37265,3105.416667,26962,2246.833333,3105.416667
95075,12545478.57,66028.83457,2280,190,1835,152.9166667,190
95076,1070917390,49479.09982,259726,21643.83333,202015,16834.58333,21643.83333
95110,253398563.8,39352.69529,77270,6439.166667,48835,4069.583333,6439.166667
95111,749531327.5,54724.96246,164356,13696.33333,134477,11206.41667,13696.33333
95112,776061083.1,41598.47144,223872,18656,150549,12545.75,18656
95113,33421098.53,27199.26635,14745,1228.75,1610,134.1666667,1228.75
95116,599502414,48361.59436,148755,12396.25,129975,10831.25,12396.25
95117,516402358.6,46201.5441,134126,11177.16667,104064,8672,11177.16667
95118,627230400,54503.46351,138097,11508.08333,120472,10039.33333,11508.08333
95119,192481697.3,61285.26539,37689,3140.75,34897,2908.083333,3140.75
95120,985105071.9,77982.31312,151589,12632.41667,143744,11978.66667,12632.41667
95121,563993781,61866.86203,109395,9116.25,104167,8680.583333,9116.25
95122,654170555.7,53399.1352,147007,12250.58333,121599,10133.25,12250.58333
95123,1243361080,55309.86164,269759,22479.91667,227870,18989.16667,22479.91667
95124,1052696918,61839.37992,204277,17023.08333,192443,16036.91667,17023.08333
95125,1230142786,62323.31507,236857,19738.08333,207684,17307,19738.08333
95126,606002228.2,41343.9388,175891,14657.58333,109597,9133.083333,14657.58333
95127,926631604.6,60026.66351,185244,15437,169338,14111.5,15437
95128,648246763.4,47869.05732,162505,13542.08333,127059,10588.25,13542.08333
95129,740933240.1,51683.10081,172033,14336.08333,132137,11011.41667,14336.08333
95130,268902218.2,54843.49335,58837,4903.083333,53600,4466.666667,4903.083333
95131,459570007.5,51659.32977,106754,8896.166667,98415,8201.25,8896.166667
95132,672913133.2,56486.4054,142954,11912.83333,135255,11271.25,11912.83333
95133,404092165.5,50826.53934,95405,7950.416667,78867,6572.25,7950.416667
95134,474673981.4,39974.79,142492,11874.33333,94228,7852.333333,11874.33333
95135,457481852.9,63586.98367,86335,7194.583333,82056,6838,7194.583333
95136,806390084.5,55465.20207,174464,14538.66667,129642,10803.5,14538.66667
95138,421805599.5,72812.9811,69516,5793,66228,5519,5793
95139,140896417.2,63024.4532,26827,2235.583333,25393,2116.083333,2235.583333
95140,3490953.68,32574.99546,1286,107.1666667,0,0,107.1666667
95141,0,0,0,0,,0,0
95148,733824362.3,63843.66121,137929,11494.08333,134618,11218.16667,11494.08333
95202,108316048.8,36982.6605,35146,2928.833333,24921,2076.75,2928.833333
95203,309009905.1,56090.984,66109,5509.083333,63700,5308.333333,5509.083333
95204,709714892.2,62627.4282,135988,11332.33333,132239,11019.91667,11332.33333
95205,633348370,61343.2269,123896,10324.66667,121207,10100.58333,10324.66667
95206,1056470222,62292.48843,203518,16959.83333,199891,16657.58333,16959.83333
95207,1073777382,57954.30605,222336,18528,202465,16872.08333,18528
95209,904721028,70340.61795,154344,12862,153810,12817.5,12862
95210,718113322.2,62763.45689,137299,11441.58333,135699,11308.25,11441.58333
95211,0,0,0,0,,0,0
95212,568111287.2,79678.07116,85561,7130.083333,81989,6832.416667,7130.083333
95215,406501754.8,62363.63362,78219,6518.25,62292,5191,6518.25
95219,697827456.5,63600.75251,131664,10972,129662,10805.16667,10972
95220,140500275.1,59176.69796,28491,2374.25,11939,994.9166667,2374.25
95222,73134067.03,32230.66599,27229,2269.083333,,0,2269.083333
95223,99934037.29,13901.28727,86266,7188.833333,,0,7188.833333
95224,6483693.944,29096.60708,2674,222.8333333,,0,222.8333333
95225,29318159.33,39064.83589,9006,750.5,,0,750.5
95227,23763068.18,55531.99963,5135,427.9166667,1294,107.8333333,427.9166667
95228,70233024.26,26419.11825,31901,2658.416667,,0,2658.416667
95229,4400739.596,28731.70574,1838,153.1666667,,0,153.1666667
95230,5533298.404,32405.84717,2049,170.75,,0,170.75
95231,54279314.37,66167.3885,9844,820.3333333,8074,672.8333333,820.3333333
95232,5853224.584,30236.20104,2323,193.5833333,,0,193.5833333
95233,6052345.492,24257.89776,2994,249.5,,0,249.5
95236,82892562.64,54145.70528,18371,1530.916667,7458,621.5,1530.916667
95237,78625061.48,69899.29899,13498,1124.833333,12166,1013.833333,1124.833333
95240,624325879.5,47763.28809,25653,2137.75,156855,13071.25,13071.25
95242,476790549.8,50973.19789,16273,1356.083333,112245,9353.75,9353.75
95245,19243905.19,31358.8895,7364,613.6666667,,0,613.6666667
95246,21424773.7,30515.99815,8425,702.0833333,,0,702.0833333
95247,61341031.54,28989.14534,25392,2116,,0,2116
95248,16337229.22,30484.64478,6431,535.9166667,,0,535.9166667
95249,72653956.58,48881.33432,17836,1486.333333,8663,721.9166667,1486.333333
95251,8671703.772,30988.81634,3358,279.8333333,,0,279.8333333
95252,165187022.3,35879.67253,55247,4603.916667,2992,249.3333333,4603.916667
95254,16282446.14,35531.79737,5499,458.25,,0,458.25
95255,28349782.55,27422.00473,12406,1033.833333,,0,1033.833333
95257,6731910.12,26339.39401,3067,255.5833333,,0,255.5833333
95258,107184829.9,77943.15591,16502,1375.166667,16341,1361.75,1375.166667
95301,693777378.1,65297.20655,125899,10491.58333,127499,10624.91667,10624.91667
95303,0,0,0,0,0,0,0
95304,263662382.2,70020.55031,45186,3765.5,33267,2772.25,3765.5
95306,13759838.54,28701.21023,5753,479.4166667,,0,479.4166667
95307,445177731.7,37887.19782,0,0,141001,11750.08333,11750.08333
95309,3265956.164,27736.35808,1413,117.75,,0,117.75
95310,24289304.66,35003.20114,8327,693.9166667,,0,693.9166667
95311,28291730.78,24943.11729,13611,1134.25,,0,1134.25
95313,4831440.176,42693.13852,0,0,1358,113.1666667,113.1666667
95315,92989177.24,36146.22548,,0,30871,2572.583333,2572.583333
95316,62559682.07,39575.94944,0,0,18969,1580.75,1580.75
95317,9119423,45559.14904,2402,200.1666667,,0,200.1666667
95318,5271369.4,26356.847,2400,200,,0,200
95319,35948570.27,35849.98282,,0,12033,1002.75,1002.75
95320,240181604.5,59257.76665,48638,4053.166667,33697,2808.083333,4053.166667
95321,71394537.3,20900.04019,40992,3416,,0,3416
95322,174754047,52672.45785,39813,3317.75,27809,2317.416667,3317.75
95323,6617011.536,38677.12539,,0,2053,171.0833333,171.0833333
95324,62270251.55,36326.8361,0,0,20570,1714.166667,1714.166667
95325,0,0,0,0,,0,0
95326,95240836.71,41130.38617,,0,27787,2315.583333,2315.583333
95327,73844356.72,29873.31964,29663,2471.916667,,0,2471.916667
95328,37976783.38,32918.3329,,0,13844,1153.666667,1153.666667
95329,31719797.89,28516.45001,13348,1112.333333,,0,1112.333333
95330,385927395,64565.14527,67555,5629.583333,71728,5977.333333,5977.333333
95333,27580277.6,32710.35098,10118,843.1666667,0,0,843.1666667
95334,209798139.1,60450.39664,37388,3115.666667,41647,3470.583333,3470.583333
95335,5775819.952,9138.95562,7584,632,,0,632
95336,970471907,61194.40734,190306,15858.83333,181797,15149.75,15858.83333
95337,734043684.3,63042.7647,139723,11643.58333,132526,11043.83333,11643.58333
95338,142481308.8,27361.22686,62489,5207.416667,,0,5207.416667
95340,789232435.4,64609.0979,146586,12215.5,136727,11393.91667,12215.5
95341,418104202.4,58679.23265,81821,6818.416667,85503,7125.25,7125.25
95345,7741292.316,24634.18398,3771,314.25,,0,314.25
95346,24339829.55,16265.40929,17957,1496.416667,,0,1496.416667
95348,580224724.6,58049.56225,104771,8730.916667,119944,9995.333333,9995.333333
95350,735491739.6,40440.89073,,0,218242,18186.83333,18186.83333
95351,419683351.8,38583.29417,,0,130528,10877.33333,10877.33333
95354,311515618.3,37219.96734,,0,100435,8369.583333,8369.583333
95355,807684709.1,40413.36676,,0,239827,19985.58333,19985.58333
95356,469979377.9,45361.88577,0,0,124328,10360.66667,10360.66667
95357,105828695,41393.23143,0,0,30680,2556.666667,2556.666667
95358,269774238.6,40236.28601,,0,80457,6704.75,6704.75
95360,227894162.3,58308.56374,46901,3908.416667,41066,3422.166667,3908.416667
95361,660506952.5,63252.81251,125308,10442.33333,103408,8617.333333,10442.33333
95363,262288506.4,40464.13243,4860,405,77784,6482,6482
95364,9230480.188,9209.758232,12027,1002.25,,0,1002.25
95365,71256439.04,56974.76469,15008,1250.666667,14288,1190.666667,1250.666667
95366,342600514.3,64911.04856,54091,4507.583333,63336,5278,5278
95367,442352188.4,59056.40894,63341,5278.416667,89884,7490.333333,7490.333333
95368,148154134.5,36624.22211,,0,48543,4045.25,4045.25
95369,12493740.87,34174.80977,4387,365.5833333,,0,365.5833333
95370,349296010.7,28149.35883,148904,12408.66667,,0,12408.66667
95372,20889059,28023.33236,8945,745.4166667,,0,745.4166667
95374,24236473.25,46128.10134,6305,525.4166667,,0,525.4166667
95375,4017769.892,9898.016568,4871,405.9166667,,0,405.9166667
95376,1039421334,62598.14511,199256,16604.66667,191586,15965.5,16604.66667
95377,635509961.8,71543.60979,106594,8882.833333,103115,8592.916667,8882.833333
95379,44292779.05,26319.05663,20195,1682.916667,,0,1682.916667
95380,420382484,35764.55021,,0,141050,11754.16667,11754.16667
95382,472421991.5,40580.56177,,0,139699,11641.58333,11641.58333
95383,56484789.94,19659.4199,34478,2873.166667,,0,2873.166667
95385,0,0,0,0,0,0,0
95386,85577656.43,34787.66522,0,0,29520,2460,2460
95387,13757125.29,41804.38173,3949,329.0833333,3002,250.1666667,329.0833333
95388,193177536.5,57779.92118,40120,3343.333333,35788,2982.333333,3343.333333
95389,9624108.98,22269.43844,5186,432.1666667,,0,432.1666667
95391,223631315.6,47264.35921,0,0,56778,4731.5,4731.5
95401,718466712.9,55482.91131,155392,12949.33333,134430,11202.5,12949.33333
95403,870111330.7,57822.71061,180575,15047.91667,159804,13317,15047.91667
95404,952698692.2,62328.31561,183422,15285.16667,155119,12926.58333,15285.16667
95405,567653568.4,62742.061,108569,9047.416667,101437,8453.083333,9047.416667
95407,661121502.1,60133.3881,131931,10994.25,124037,10336.41667,10994.25
95409,777146880.2,67286.9006,138597,11549.75,130682,10890.16667,11549.75
95410,13960157.06,36592.81011,4578,381.5,,0,381.5
95412,3834054.164,40287.78456,1142,95.16666667,,0,95.16666667
95415,13799595.16,24543.52185,6747,562.25,,0,562.25
95417,0,0,0,0,,0,0
95419,6602100.58,27508.75242,2880,240,,0,240
95420,3704295.804,29360.33662,1514,126.1666667,,0,126.1666667
95421,19918437.12,23307.77625,10255,854.5833333,,0,854.5833333
95422,224161644.2,31341.41623,85827,7152.25,,0,7152.25
95423,67961028.06,29023.53595,28099,2341.583333,,0,2341.583333
95425,237294973.8,56364.60186,50520,4210,38510,3209.166667,4210
95426,27111390.33,25325.91343,12846,1070.5,,0,1070.5
95427,2915246.92,34948.01502,1001,83.41666667,,0,83.41666667
95428,29194771.18,38393.12374,9125,760.4166667,,0,760.4166667
95429,0,0,0,0,,0,0
95432,2412778.74,18418.15832,1572,131,,0,131
95435,4707048.484,34006.37075,1661,138.4166667,,0,138.4166667
95436,114255193.7,46851.50097,29264,2438.666667,12277,1023.083333,2438.666667
95437,155525081.1,26016.23973,71736,5978,,0,5978
95439,15985757.03,67784.12876,2830,235.8333333,2142,178.5,235.8333333
95441,38959492.11,51005.22641,9166,763.8333333,3357,279.75,763.8333333
95442,86027107,53303.31409,19367,1613.916667,11029,919.0833333,1613.916667
95443,4684140.316,28899.58036,1945,162.0833333,,0,162.0833333
95444,18142640.56,66416.0118,3278,273.1666667,3041,253.4166667,273.1666667
95445,28780916.05,24541.39079,14073,1172.75,,0,1172.75
95446,78278121.06,27049.19667,34727,2893.916667,,0,2893.916667
95448,320432034.9,62962.52589,30473,2539.416667,61071,5089.25,5089.25
95449,24973143.26,48233.98023,6213,517.75,2504,208.6666667,517.75
95450,6598917.184,21326.961,3713,309.4166667,,0,309.4166667
95451,166868565.1,32699.02318,61238,5103.166667,,0,5103.166667
95452,42275225.9,60638.6219,8366,697.1666667,4448,370.6666667,697.1666667
95453,150818452.3,31463.66419,57521,4793.416667,,0,4793.416667
95454,28115477.1,36672.36143,9200,766.6666667,,0,766.6666667
95456,9972699.372,34007.49999,3519,293.25,,0,293.25
95457,42999886.95,34005.44638,15174,1264.5,,0,1264.5
95458,46028429.33,30103.61631,18348,1529,,0,1529
95459,7620029.836,21849.54792,4185,348.75,,0,348.75
95460,34374385.07,28571.90697,14437,1203.083333,,0,1203.083333
95461,30928063.76,31174.86478,11905,992.0833333,,0,992.0833333
95462,25162923.37,27166.44898,11115,926.25,,0,926.25
95463,361347.86,42932.41901,101,8.416666667,,0,8.416666667
95464,38328944.25,29536.81807,15572,1297.666667,,0,1297.666667
95465,24798811.79,41895.78228,7103,591.9166667,,0,591.9166667
95466,9975835,27614.76817,4335,361.25,,0,361.25
95467,77220209.99,32647.80044,28383,2365.25,,0,2365.25
95468,11704221.13,25723.56293,5460,455,,0,455
95469,19370504.04,33392.62297,6961,580.0833333,,0,580.0833333
95470,113271877.8,55787.50396,24365,2030.416667,9766,813.8333333,2030.416667
95471,11248671.36,24900.21331,5421,451.75,,0,451.75
95472,339548704.5,68592.23362,59403,4950.25,41011,3417.583333,4950.25
95476,933466577.7,66359.79012,168801,14066.75,146356,12196.33333,14066.75
95480,0,0,0,0,,0,0
95482,536836846.1,63752.29745,58777,4898.083333,101048,8420.666667,8420.666667
95485,34864365.33,32537.90512,12858,1071.5,,0,1071.5
95486,2278540.424,15759.3574,1735,144.5833333,,0,144.5833333
95488,4344731.616,27469.32529,1898,158.1666667,,0,158.1666667
95490,237081910.2,50150.41553,56729,4727.416667,27586,2298.833333,4727.416667
95492,607912677.9,67084.3377,108743,9061.916667,99512,8292.666667,9061.916667
95493,0,0,0,0,,0,0
95494,1642471.972,23242.52791,848,70.66666667,,0,70.66666667
95497,31644331.28,17718.81738,21431,1785.916667,,0,1785.916667
95501,619998827.1,63445.921,117265,9772.083333,111506,9292.166667,9772.083333
95503,688385212.5,73775.97862,111969,9330.75,103032,8586,9330.75
95511,8515249.924,54996.23202,1858,154.8333333,,0,154.8333333
95514,0,0,0,0,,0,0
95518,14898873.32,42905.32274,4167,347.25,,0,347.25
95519,457122439.7,69354.67458,79093,6591.083333,70560,5880,6591.083333
95521,437028585.3,56031.10168,93597,7799.75,79735,6644.583333,7799.75
95524,52798291.74,78248.67246,8097,674.75,5977,498.0833333,674.75
95525,41656442.53,57929.92356,8629,719.0833333,6958,579.8333333,719.0833333
95526,12344906.02,25519.18557,5805,483.75,0,0,483.75
95527,11378286.42,31731.21939,4303,358.5833333,,0,358.5833333
95528,33490696.5,75557.1269,5319,443.25,3267,272.25,443.25
95536,30954946.91,26591.69325,13969,1164.083333,,0,1164.083333
95537,10734951.18,67163.40678,1918,159.8333333,1771,147.5833333,159.8333333
95540,347539137,65401.69121,63767,5313.916667,57373,4781.083333,5313.916667
95542,42529600.76,52430.16325,9734,811.1666667,,0,811.1666667
95546,221636856.4,247662.0054,10739,894.9166667,,0,894.9166667
95547,31596527.53,64014.57545,5923,493.5833333,3432,286,493.5833333
95549,18258714.08,56821.7243,3856,321.3333333,0,0,321.3333333
95550,0,0,0,0,,0,0
95551,34679628.36,55420.9003,7509,625.75,4340,361.6666667,625.75
95552,5847741.5,31481.78466,2229,185.75,0,0,185.75
95553,17418273.65,57501.86624,3635,302.9166667,,0,302.9166667
95554,11399461.29,49135.60902,2784,232,,0,232
95555,5294983.852,33076.42177,1921,160.0833333,,0,160.0833333
95556,7688894.232,29908.17854,3085,257.0833333,,0,257.0833333
95558,6397114.444,41382.95058,1855,154.5833333,,0,154.5833333
95560,29441032.28,48703.11377,7254,604.5,,0,604.5
95562,86082827.22,65661.95822,15732,1311,14508,1209,1311
95563,10956378.97,33868.2503,3882,323.5,,0,323.5
95564,0,0,0,0,0,0,0
95565,17465690.23,57913.31383,3619,301.5833333,2740,228.3333333,301.5833333
95568,0,0,0,0,,0,0
95569,4536772.624,37135.92871,1466,122.1666667,,0,122.1666667
95570,49715190.87,42953.58128,13889,1157.416667,,0,1157.416667
95571,6167022.812,49633.98641,1491,124.25,,0,124.25
95573,34015545.03,34786.64909,11734,977.8333333,,0,977.8333333
95585,8480041.496,36499.46125,2788,232.3333333,,0,232.3333333
95587,0,0,0,0,,0,0
95589,8223479.568,70186.16985,1406,117.1666667,,0,117.1666667
95595,0,0,0,0,,0,0
95601,4453502.764,28171.86777,1897,158.0833333,,0,158.0833333
95602,315149303.5,45004.18463,84032,7002.666667,19267,1605.583333,7002.666667
95603,718946642.8,64052.50284,134692,11224.33333,103163,8596.916667,11224.33333
95605,281833556.1,56926.48835,59410,4950.833333,54784,4565.333333,4950.833333
95606,8914668.88,38999.64512,2743,228.5833333,0,0,228.5833333
95607,5717044.84,35956.25686,1908,159,0,0,159
95608,1032776774,50304.10317,,0,246368,20530.66667,20530.66667
95610,581200678.4,42710.22034,,0,163296,13608,13608
95612,22831766.7,51393.95992,5331,444.25,1830,152.5,444.25
95613,5303913.056,27781.29929,2291,190.9166667,,0,190.9166667
95614,52201791.64,32033.82765,19555,1629.583333,,0,1629.583333
95615,0,0,0,0,,0,0
95616,903051506.2,52237.50452,207449,17287.41667,181187,15098.91667,17287.41667
95618,529457935.5,56274.42584,112902,9408.5,109377,9114.75,9408.5
95619,56752901.49,29008.59641,23477,1956.416667,,0,1956.416667
95620,402967129.5,58370.71997,82843,6903.583333,71226,5935.5,6903.583333
95621,490509649.4,39112.48301,,0,150492,12541,12541
95623,55992520.23,33123.50223,20285,1690.416667,,0,1690.416667
95624,750058642.7,45428.73149,,0,198128,16510.66667,16510.66667
95625,2893703.552,27107.29323,1281,106.75,,0,106.75
95626,43077872.02,51222.20216,2877,239.75,10092,841,841
95627,68707272.65,56689.16885,14544,1212,10175,847.9166667,1212
95628,749528869.9,51383.05258,,0,175045,14587.08333,14587.08333
95629,12352467.01,30079.05928,4928,410.6666667,,0,410.6666667
95630,1168610766,45608.62388,0,0,307471,25622.58333,25622.58333
95631,78045385.13,33753.0047,27747,2312.25,,0,2312.25
95632,303061468.2,42215.48769,4069,339.0833333,86147,7178.916667,7178.916667
95633,39979076.16,31934.29501,15023,1251.916667,,0,1251.916667
95634,38395812.63,29444.64159,15648,1304,0,0,1304
95635,14797731.4,32070.21435,5537,461.4166667,0,0,461.4166667
95636,14822147.68,23948.53536,7427,618.9166667,,0,618.9166667
95637,5979526.588,36684.2122,1956,163,,0,163
95640,153499729.5,49783.69606,37000,3083.333333,20098,1674.833333,3083.333333
95641,38254718.8,46732.83371,9823,818.5833333,4479,373.25,818.5833333
95642,166549588.6,51393.6192,38888,3240.666667,23885,1990.416667,3240.666667
95645,15063444.32,32871.67336,5499,458.25,,0,458.25
95648,1286297301,63304.88829,243829,20319.08333,221316,18443,20319.08333
95650,301863669.9,64570.91996,56099,4674.916667,27898,2324.833333,4674.916667
95651,10726198.63,30903.81357,4165,347.0833333,,0,347.0833333
95652,9007037.792,38795.56838,,0,2786,232.1666667,232.1666667
95653,6126682.736,39044.181,1883,156.9166667,,0,156.9166667
95656,8573840.788,32724.58316,3144,262,,0,262
95658,100180602,42553.08569,28251,2354.25,2707,225.5833333,2354.25
95659,9094617.76,32842.43549,3323,276.9166667,,0,276.9166667
95660,374965086.8,42237.29282,0,0,106531,8877.583333,8877.583333
95661,508440908.5,46611.38836,1259,104.9166667,130897,10908.08333,10908.08333
95662,465859766.8,47786.61539,,0,116985,9748.75,9748.75
95663,50455207.83,46399.1489,13049,1087.416667,3414,284.5,1087.416667
95664,21026671.78,36775.98912,6861,571.75,,0,571.75
95665,65085032.78,30287.36935,25787,2148.916667,,0,2148.916667
95666,81995669.07,23486.60975,41894,3491.166667,,0,3491.166667
95667,469102641.4,31625.60786,177996,14833,,0,14833
95668,11048499.56,37075.50188,3576,298,,0,298
95669,32523149.88,31430.92523,12417,1034.75,,0,1034.75
95670,769481180.2,41563.24737,,0,222162,18513.5,18513.5
95672,62196382.4,35982.86515,20742,1728.5,,0,1728.5
95673,175079070.9,41505.96332,,0,50618,4218.166667,4218.166667
95674,9191675.512,35986.98406,3065,255.4166667,,0,255.4166667
95675,5058835.92,28235.36327,2150,179.1666667,,0,179.1666667
95676,5442378.84,40066.59269,1630,135.8333333,,0,135.8333333
95677,658370430.1,68261.46263,115738,9644.833333,110080,9173.333333,9644.833333
95678,623405646.7,39365.52948,0,0,190036,15836.33333,15836.33333
95679,0,0,0,0,,0,0
95681,21803584.12,46514.3128,5625,468.75,2333,194.4166667,468.75
95682,392468326.4,34723.25995,135633,11302.75,,0,11302.75
95684,46525121,30757.02137,18152,1512.666667,,0,1512.666667
95685,104105049,48037.39861,26006,2167.166667,13050,1087.5,2167.166667
95686,22422063.36,58378.12113,4609,384.0833333,3548,295.6666667,384.0833333
95687,1315923861,59868.4665,263763,21980.25,256903,21408.58333,21980.25
95688,832904910.8,60456.92001,165322,13776.83333,137488,11457.33333,13776.83333
95689,19746294.9,27965.95524,8473,706.0833333,,0,706.0833333
95690,21445392.42,33482.26763,7686,640.5,0,0,640.5
95691,814490817.2,63017.91657,155097,12924.75,140304,11692,12924.75
95692,103225971.1,56569.92527,21897,1824.75,16267,1355.583333,1824.75
95694,168885861,52113.20251,38889,3240.75,27957,2329.75,3240.75
95695,818470320.2,57853.32832,169768,14147.33333,141342,11778.5,14147.33333
95697,9648801.832,59621.84448,1942,161.8333333,1692,141,161.8333333
95698,0,0,0,0,0,0,0
95701,11875210.1,24422.02591,5835,486.25,,0,486.25
95703,21376063.99,34011.23945,7542,628.5,,0,628.5
95709,61682310.01,30764.2444,24060,2005,,0,2005
95713,123894807.3,33264.07176,44695,3724.583333,,0,3724.583333
95714,5301719.14,21624.9591,2942,245.1666667,,0,245.1666667
95715,2612237.436,17357.05938,1806,150.5,,0,150.5
95717,2462300.508,26595.50504,1111,92.58333333,,0,92.58333333
95720,3307289.132,7748.432172,5122,426.8333333,,0,426.8333333
95721,1472069.868,5570.746899,3171,264.25,,0,264.25
95722,83240332.98,47493.53346,21032,1752.666667,2457,204.75,1752.666667
95724,0,0,0,0,,0,0
95726,110380318.9,27319.04354,48485,4040.416667,,0,4040.416667
95728,25598250.22,16328.88596,18812,1567.666667,,0,1567.666667
95735,3787094.808,6304.819325,7208,600.6666667,,0,600.6666667
95736,4131962.708,29869.60994,1660,138.3333333,,0,138.3333333
95742,173108544,41480.51135,,0,50079,4173.25,4173.25
95746,793066348.3,113167.2059,80323,6693.583333,84095,7007.916667,7007.916667
95747,1050295100,45972.99007,5893,491.0833333,274151,22845.91667,22845.91667
95757,595636912.8,42905.0792,,0,166592,13882.66667,13882.66667
95758,872844267.1,41841.79575,,0,250327,20860.58333,20860.58333
95762,1268343976,82490.34034,184508,15375.66667,158263,13188.58333,15375.66667
95765,905601378.7,68896.71433,157732,13144.33333,156328,13027.33333,13144.33333
95776,434911510.6,57869.24796,90185,7515.416667,87763,7313.583333,7515.416667
95811,65604251.2,25146.16585,,0,31307,2608.916667,2608.916667
95814,103486957.2,49304.9385,,0,25187,2098.916667,2098.916667
95815,299156485.2,40454.79752,0,0,88738,7394.833333,7394.833333
95816,282456794.1,35659.60936,,0,95051,7920.916667,7920.916667
95817,196089127.3,36491.31597,0,0,64483,5373.583333,5373.583333
95818,388981921.9,41800.54325,,0,111668,9305.666667,9305.666667
95819,347934575.7,46690.61548,,0,89423,7451.916667,7451.916667
95820,490688806.4,41161.71516,,0,143052,11921,11921
95821,571307453.3,46543.30665,0,0,147297,12274.75,12274.75
95822,697868471.4,48383.84854,,0,173083,14423.58333,14423.58333
95823,761336335.4,42730.89383,0,0,213804,17817,17817
95824,310929059.1,41462.27549,,0,89989,7499.083333,7499.083333
95825,404379825.5,50022.24462,,0,97008,8084,8084
95826,468099529.1,39478.47173,,0,142285,11857.08333,11857.08333
95827,191188203.8,45915.47313,,0,49967,4163.916667,4163.916667
95828,591131794.3,41841.64552,,0,169534,14127.83333,14127.83333
95829,374986881.5,45411.21372,,0,99091,8257.583333,8257.583333
95830,0,0,,0,0,0,0
95831,631395028.8,45598.7888,,0,166161,13846.75,13846.75
95832,127447405.3,44545.15665,,0,34333,2861.083333,2861.083333
95833,382607052.3,38657.91531,,0,118767,9897.25,9897.25
95834,299507401,33879.01148,0,0,106086,8840.5,8840.5
95835,541088607.6,39980.4397,,0,162406,13533.83333,13533.83333
95837,0,0,0,0,0,0,0
95838,400930053.7,39813.31682,,0,120843,10070.25,10070.25
95841,266469831.9,38784.16416,,0,82447,6870.583333,6870.583333
95842,332008698.8,38448.81236,,0,103621,8635.083333,8635.083333
95843,606869416.4,42688.93212,,0,170593,14216.08333,14216.08333
95864,564096184.4,61257.65104,,0,110503,9208.583333,9208.583333
95901,674673483.7,55511.92921,145844,12153.66667,113277,9439.75,12153.66667
95903,0,0,0,0,,0,0
95910,0,0,0,0,,0,0
95912,85571085.84,55409.72534,18532,1544.333333,12386,1032.166667,1544.333333
95913,5025057.12,34203.45175,1763,146.9166667,,0,146.9166667
95914,18498594.74,36159.49452,6139,511.5833333,,0,511.5833333
95915,0,0,0,0,0,0,0
95916,26138922.56,31495.84002,9959,829.9166667,,0,829.9166667
95917,52431828.26,64684.069,6131,510.9166667,9727,810.5833333,810.5833333
95918,33420000.9,35502.83382,11296,941.3333333,,0,941.3333333
95919,15879164.8,29405.86075,6480,540,,0,540
95920,3062218.82,29420.83734,1249,104.0833333,0,0,104.0833333
95922,8826646.104,24852.12418,4262,355.1666667,,0,355.1666667
95923,0,0,0,0,,0,0
95925,2901772.932,24282.61868,1434,119.5,,0,119.5
95926,872804565.7,55547.83184,188552,15712.66667,177679,14806.58333,15712.66667
95928,796989426.4,53811.24806,177730,14810.83333,155634,12969.5,14810.83333
95930,3082646.464,19397.88021,1907,158.9166667,,0,158.9166667
95932,174612611.2,60801.79137,34462,2871.833333,28808,2400.666667,2871.833333
95934,3058492.916,22767.93734,1612,134.3333333,,0,134.3333333
95935,14099769.27,31930.03043,5299,441.5833333,,0,441.5833333
95936,4170102.044,18616.52698,2688,224,,0,224
95937,23730281.86,47044.99956,6053,504.4166667,2727,227.25,504.4166667
95938,96065266.28,64956.5107,17747,1478.916667,13184,1098.666667,1478.916667
95939,5543387.688,29368.94139,2265,188.75,,0,188.75
95941,6853309.08,29775.41961,2762,230.1666667,,0,230.1666667
95942,24290696.75,25382.12827,11484,957,,0,957
95943,10125881.11,33510.91377,3626,302.1666667,0,0,302.1666667
95944,0,0,0,0,,0,0
95945,584076161.1,54385.78715,128874,10739.5,76688,6390.666667,10739.5
95946,162808589.3,36102.80091,54115,4509.583333,3365,280.4166667,4509.583333
95947,22621461.05,21763.61201,12473,1039.416667,,0,1039.416667
95948,190115411.7,55666.6164,18905,1575.416667,40983,3415.25,3415.25
95949,311119903.5,39262.5734,95089,7924.083333,4270,355.8333333,7924.083333
95950,4584076.592,34082.35384,1614,134.5,,0,134.5
95951,44999977.44,60599.22897,8911,742.5833333,8646,720.5,742.5833333
95953,206261482.6,60623.53754,40828,3402.333333,35779,2981.583333,3402.333333
95954,167393634.4,31994.70578,62783,5231.916667,,0,5231.916667
95955,28047437.72,55843.57933,6027,502.25,3875,322.9166667,502.25
95956,5665134.672,21993.40539,3091,257.5833333,,0,257.5833333
95957,14188888.1,52486.63907,3244,270.3333333,1778,148.1666667,270.3333333
95959,408568163.8,54795.39498,89475,7456.25,34137,2844.75,7456.25
95960,10939663.58,37104.5684,3538,294.8333333,0,0,294.8333333
95961,505209244.7,64076.25654,94614,7884.5,90592,7549.333333,7884.5
95962,19193786.32,31699.06907,7266,605.5,,0,605.5
95963,272029115.4,47957.88539,68067,5672.25,37866,3155.5,5672.25
95965,370122304.1,53278.00549,83364,6947,57286,4773.833333,6947
95966,575305099.2,50119.14182,137745,11478.75,67308,5609,11478.75
95968,31941980.04,58314.88824,6573,547.75,5285,440.4166667,547.75
95969,857542936.3,68408.69815,150427,12535.58333,130015,10834.58333,12535.58333
95970,13865396.07,60328.04671,2758,229.8333333,1950,162.5,229.8333333
95971,53807936.05,23602.55995,27357,2279.75,,0,2279.75
95972,0,0,0,0,,0,0
95973,754756159.7,56050.06478,161589,13465.75,131566,10963.83333,13465.75
95974,9405510.108,69200.56487,1631,135.9166667,1276,106.3333333,135.9166667
95975,24385011.26,34232.58482,8548,712.3333333,0,0,712.3333333
95977,24909705.2,37557.03762,7959,663.25,,0,663.25
95978,3378951.368,24265.35991,1671,139.25,,0,139.25
95979,8900386.248,23655.51162,4515,376.25,,0,376.25
95981,2792855.068,8126.639383,4124,343.6666667,,0,343.6666667
95982,74743588.04,62897.83005,14260,1188.333333,12949,1079.083333,1188.333333
95983,7072826.924,25525.99191,3325,277.0833333,,0,277.0833333
95984,3359328.956,22762.25154,1771,147.5833333,,0,147.5833333
95986,2183222.792,20531.87579,1276,106.3333333,,0,106.3333333
95987,96338304.59,54287.8448,21295,1774.583333,16964,1413.666667,1774.583333
95988,188299180.3,54728.85322,41287,3440.583333,33508,2792.333333,3440.583333
95991,893375758.1,61948.56604,173055,14421.25,161706,13475.5,14421.25
95993,834780754.2,68791.63468,145619,12134.91667,135563,11296.91667,12134.91667
96001,471933004.8,54692.03413,19382,1615.166667,103547,8628.916667,8628.916667
96002,492015128.9,52306.32943,22572,1881,112877,9406.416667,9406.416667
96003,664100138.4,59166.1098,55865,4655.416667,134692,11224.33333,11224.33333
96007,463050130.9,51712.40713,107452,8954.333333,56653,4721.083333,8954.333333
96008,12214588.09,37249.06153,3935,327.9166667,,0,327.9166667
96009,3900018.36,26804.2499,1746,145.5,,0,145.5
96010,0,0,0,0,,0,0
96013,127590751,73212.30869,20913,1742.75,18809,1567.416667,1742.75
96016,5751594.752,25061.41504,2754,229.5,,0,229.5
96019,118019168.6,40625.05445,0,0,34861,2905.083333,2905.083333
96020,32054678.87,19535.60926,19690,1640.833333,,0,1640.833333
96021,278407845.2,46779.44135,71418,5951.5,32629,2719.083333,5951.5
96022,262435916.6,43111.80319,73048,6087.333333,16056,1338,6087.333333
96028,35184262.7,49381.42133,8550,712.5,4072,339.3333333,712.5
96033,5765491.828,32435.95965,2133,177.75,,0,177.75
96035,47969062.58,42835.89455,13438,1119.833333,4973,414.4166667,1119.833333
96040,3772655.224,24170.77559,1873,156.0833333,,0,156.0833333
96047,8902286.732,33435.81871,3195,266.25,,0,266.25
96051,18018768.59,26850.26984,8053,671.0833333,,0,671.0833333
96055,50101750,33963.45045,17702,1475.166667,,0,1475.166667
96056,25033976.5,38122.80685,7880,656.6666667,1254,104.5,656.6666667
96059,8167959.504,30871.02805,3175,264.5833333,,0,264.5833333
96061,676186.748,5049.309879,1607,133.9166667,,0,133.9166667
96062,16616815.32,40446.6093,4930,410.8333333,,0,410.8333333
96063,2233771.572,7578.529506,3537,294.75,,0,294.75
96065,4472691.852,23335.78358,2300,191.6666667,,0,191.6666667
96069,10406617.06,36643.01782,3408,284,,0,284
96071,2853827.508,14870.13899,2303,191.9166667,,0,191.9166667
96073,65272286.76,40252.1939,19459,1621.583333,,0,1621.583333
96075,3954064.44,21956.85945,2161,180.0833333,,0,180.0833333
96076,0,0,0,0,0,0,0
96080,586206554.7,51585.28267,136366,11363.83333,82114,6842.833333,11363.83333
96084,9769982.216,36891.05934,3178,264.8333333,,0,264.8333333
96087,12740077.04,34824.81194,4390,365.8333333,0,0,365.8333333
96088,62787968.61,27352.63281,27546,2295.5,0,0,2295.5
96090,10342155.32,54792.87587,2265,188.75,1860,155,188.75
96092,6599169.672,38780.62491,2042,170.1666667,,0,170.1666667
96096,8401753.156,37396.5274,2696,224.6666667,,0,224.6666667
96125,4189233.128,9843.508427,5107,425.5833333,,0,425.5833333
96137,40334657.74,14869.91991,32550,2712.5,,0,2712.5
96161,0,0,0,0,,0,0
,,,,4443161.25,,4071707.25,4443161.25
